Filename,Link
1search.html,https://www.nasdaq.com/press-release/university-of-western-australia-latest-to-join-the-brainchip-university-ai
1search.html,https://www.nasdaq.com/press-release/brainchip-boosts-space-heritage-with-launch-of-akida-into-low-earth-orbit-2024-03-04
1search.html,https://www.nasdaq.com/press-release/cornell-tech-joins-brainchip-university-ai-accelerator-program-2024-02-27
1search.html,https://www.nasdaq.com/press-release/brainchip-begins-accepting-pre-orders-of-the-akida-edge-ai-box-2024-02-20
1search.html,https://www.nasdaq.com/press-release/media-alert:-brainchip-ceo-hosts-virtual-investor-roadshow-2024-02-18
1search.html,https://www.nasdaq.com/press-release/media-alert:-brainchip-ceo-talks-successes-and-momentum-in-the-latest-investor
1search.html,https://www.nasdaq.com/press-release/media-alert:-brainchip-demonstrates-human-behavior-detection-at-ifs-direct-connect
1search.html,https://www.nasdaq.com/press-release/brainchip-and-mywai-partner-to-deliver-next-generation-edge-ai-solutions-2024-01-16
1search.html,https://www.nasdaq.com/articles/asx-ai-stocks:-5-biggest-companies-in-2024
2search.html,https://www.nasdaq.com/press-release/podcast:-european-space-agency-talks-spacetech-challenges-and-opportunities-2024-03
2search.html,https://www.nasdaq.com/press-release/brainchip-and-nviso-group-demonstrate-ai-enabled-human-behavioral-analysis-at-ces
2search.html,https://www.nasdaq.com/press-release/brainchip-takes-vegas-to-the-edge-with-all-things-ai-at-ces-2024-2024-01-04
2search.html,https://www.nasdaq.com/press-release/brainchip-to-unveil-akida-neuromorphic-processor-enabled-by-microchips-32-bit-mpu-at
2search.html,https://www.nasdaq.com/press-release/brainchip-awarded-latest-patent-for-event-based-pattern-detection-2023-12-27
2search.html,https://www.nasdaq.com/press-release/brainchip-and-unigen-partner-to-deliver-powerful-energy-efficient-edge-ai-server-2023
2search.html,https://www.nasdaq.com/press-release/brainchip-previews-industrys-first-edge-box-powered-by-neuromorphic-ai-ip-2023-12-14
2search.html,https://www.nasdaq.com/press-release/tech-alert:-brainchips-this-is-our-mission-podcast-discusses-trends-in-edge-ai-with
2search.html,https://www.nasdaq.com/press-release/brainchip-attracts-former-intel-ai-sales-executive-to-head-up-sales-2023-12-04
2search.html,https://www.nasdaq.com/press-release/brainchip-announces-dr.-tony-lewis-as-the-new-chief-technology-officer-2023-11-21
3search.html,https://www.nasdaq.com/press-release/media-alert:-brainchip-shareholders-get-answers-to-their-questions-straight-from-the
3search.html,https://www.nasdaq.com/press-release/tech-alert:-edge-impulse-ceo-zach-shelby-returns-for-a-deep-dive-into-the-building
3search.html,https://www.nasdaq.com/press-release/media-alert:-brainchip-hosts-sustainable-cities-using-smart-efficient-ai-workshop-at
3search.html,https://www.nasdaq.com/press-release/media-alert:-brainchip-highlights-akida-2.0-innovations-at-tinyml-asia-technical
3search.html,https://www.nasdaq.com/press-release/media-alert:-brainchip-ceo-directly-answers-investors-questions-in-first-quarterly
3search.html,https://www.nasdaq.com/press-release/brainchip-and-blue-ridge-envisioneering-collaborate-on-next-generation-tactical-edge
3search.html,https://www.nasdaq.com/press-release/brainchips-neuromorphic-technology-enables-intellisense-systems-to-address-needs-for
3search.html,https://www.nasdaq.com/press-release/media-alert:-brainchip-illustrates-aiot-readiness-at-the-edge-impulse-ml-series-2023
3search.html,https://www.nasdaq.com/press-release/media-alert:-brainchip-talks-state-of-ai-with-gft-ventures-co-founder-jeff-herbst-on
3search.html,https://www.nasdaq.com/press-release/brainchip-integrates-akida-with-arm-cortex-m85-processor-unlocking-ai-capabilities
4search.html,https://www.nasdaq.com/press-release/media-alert:-brainchip-demonstrates-edge-ai-processing-at-embedded-world-2023-in
4search.html,https://www.nasdaq.com/press-release/brainchip-introduces-second-generation-akida-platform-2023-03-06
4search.html,https://www.nasdaq.com/press-release/brainchip-expands-its-ecosystem-with-teksun-to-bring-the-akida-processor-to-next
4search.html,https://www.nasdaq.com/press-release/brainchip-partners-with-emotion3d-to-improve-driver-safety-and-user-experience-2023
4search.html,https://www.nasdaq.com/press-release/media-alert:-brainchip-executives-discuss-the-future-of-ai-in-latest-this-is-our
4search.html,https://www.nasdaq.com/press-release/brainchip-partners-with-ai-labs-on-next-generation-application-development-2023-02-05
4search.html,https://www.nasdaq.com/press-release/brainchip-tapes-out-akd1500-chip-in-globalfoundries-22nm-fd-soi-process-2023-01-29
4search.html,https://www.nasdaq.com/press-release/tech-alert:-brainchip-showcases-compelling-benchmarks-and-recommends-better-metrics
4search.html,https://www.nasdaq.com/press-release/media-alert:-brainchip-talks-ai-innovation-with-accentures-managing-director-and
4search.html,https://www.nasdaq.com/press-release/edge-impulse-and-brainchip-partner-to-further-ai-development-with-support-for-the
5search.html,https://www.nasdaq.com/press-release/brainchip-joins-technology-partners-during-ces-to-demonstrate-capabilities-of-akida
5search.html,https://www.nasdaq.com/press-release/brainchip-joins-intel-foundry-services-to-advance-neuromorphic-ai-at-the-edge-2022-12
5search.html,https://www.nasdaq.com/press-release/media-alert:-edge-ai-evangelist-sally-ward-foxton-is-the-latest-guest-of-brainchips
5search.html,https://www.nasdaq.com/press-release/brainchip-adds-rochester-institute-of-technology-to-its-university-ai-accelerator
5search.html,https://www.nasdaq.com/press-release/brainchip-names-former-arm-executive-nandan-nayampally-as-chief-marketing-officer
5search.html,https://www.nasdaq.com/press-release/media-alert:-brainchip-talks-to-arm-about-the-importance-of-ecosystem-partnerships-on
5search.html,https://www.nasdaq.com/press-release/brainchip-appoints-duy-loan-le-to-its-board-of-directors-2022-10-31
5search.html,https://www.nasdaq.com/press-release/media-alert:-brainchip-showcases-its-essential-ai-at-iot-world-2022-10-26
5search.html,https://www.nasdaq.com/press-release/media-alert:-brainchip-exhibits-its-essential-ai-capabilities-at-the-linley-fall
5search.html,https://www.nasdaq.com/press-release/brainchip-fortifies-neuromorphic-patent-portfolio-with-new-awards-and-ip-acquisition
6search.html,https://www.nasdaq.com/press-release/media-alert:-brainchip-discusses-advanced-vision-systems-with-luca-verre-on-latest
6search.html,https://www.nasdaq.com/press-release/media-alert:-brainchip-demonstrates-the-power-and-simplicity-of-edge-ai-at-edge
6search.html,https://www.nasdaq.com/press-release/media-alert:-brainchip-chief-development-officer-presents-at-tinyml-neuromorphic
6search.html,https://www.nasdaq.com/press-release/media-alert:-brainchip-presents-at-edge-ai-summit-and-ai-hardware-summit-2022-09-08
6search.html,https://www.nasdaq.com/press-release/chris-stevens-industry-veteran-joins-brainchip-to-lead-worldwide-sales-2022-09-06
6search.html,https://www.nasdaq.com/press-release/brainchip-and-edge-impulse-host-webinar-2022-08-22
6search.html,https://www.nasdaq.com/press-release/brainchip-empowers-next-generation-of-technology-innovators-with-launch-of-the
6search.html,https://www.nasdaq.com/press-release/media-alert:-brainchip-talks-ml-at-the-edge-with-jan-jongboom-on-latest-this-is-our
6search.html,https://www.nasdaq.com/press-release/brainchips-this-is-our-mission-podcast-deep-dives-on-essential-ai-2022-06-30
6search.html,https://www.nasdaq.com/press-release/brainchip-partners-with-prophesee-optimizing-computer-vision-ai-performance-and
7search.html,https://www.nasdaq.com/press-release/media-alert:-brainchip-discusses-impact-of-ai-with-marc-staimer-on-latest-this-is-our
7search.html,https://www.nasdaq.com/press-release/megachips-forms-strategic-partnership-with-brainchip-2022-05-26
7search.html,https://www.nasdaq.com/press-release/ld-micro-announces-brainchip-holdings-ceo-to-present-at-the-ld-micro-invitational
7search.html,https://www.nasdaq.com/press-release/brainchip-joins-arm-ai-partner-program-2022-05-22
7search.html,https://www.nasdaq.com/press-release/media-alert:-brainchip-to-exhibit-at-the-2022-embedded-vision-summit-2022-05-16
7search.html,https://www.nasdaq.com/press-release/brainchip-and-edge-impulse-partner-to-accelerate-ai-ml-deployments-2022-05-15
7search.html,https://www.nasdaq.com/press-release/brainchip-launches-ai-enablement-program-2022-05-10
7search.html,https://www.nasdaq.com/press-release/media-alert:-brainchip-and-moschip-to-demonstrate-capabilities-of-neural-processor-ip
7search.html,https://www.nasdaq.com/press-release/media-alert:-brainchip-drives-intelligent-edge-ai-at-autosens-detroit-2022-05-09
7search.html,https://www.nasdaq.com/press-release/media-alert:-brainchip-welcomes-doug-fairbairn-from-eco-system-partner-megachips-to
8search.html,https://www.nasdaq.com/press-release/brainchip-and-nviso-partner-on-human-behavioral-analytics-in-automotive-and-edge-ai
8search.html,https://www.nasdaq.com/press-release/brainchip-and-sifive-partner-to-deploy-ai-ml-technology-at-the-edge-2022-04-05
8search.html,https://www.nasdaq.com/press-release/media-alert:-brainchip-talks-disruptive-technologies-with-foundries.io-ian-drew-as
8search.html,https://www.nasdaq.com/press-release/media-alert:-brainchip-demonstrates-neuromorphic-ai-capabilities-of-its-akida
8search.html,https://www.nasdaq.com/press-release/brainchip-continues-expansion-with-sales-partnerships-in-new-geographic-markets-2022
8search.html,https://www.nasdaq.com/press-release/brainchip-holdings-ltd-announces-participation-in-upcoming-investor-conferences-2022
8search.html,https://www.nasdaq.com/press-release/brainchip-appoints-antonio-j.-viana-as-chairman-of-the-board-2022-02-28
8search.html,https://www.nasdaq.com/press-release/media-alert:-brainchip-podcast-has-a-field-day-with-ai-expert-stephen-foskett-2022-02
8search.html,https://www.nasdaq.com/press-release/media-alert:-brainchip-ceo-presents-at-international-investment-forum-2022-2022-02-15
8search.html,https://www.nasdaq.com/press-release/brainchip-approved-for-dtc-eligibility-2022-02-03
9search.html,https://www.nasdaq.com/press-release/brainchip-awarded-us-patent-for-accessing-learned-functions-in-an-intelligent-target
9search.html,https://www.nasdaq.com/press-release/media-alert:-brainchip-podcast-returns-with-ceo-sean-hehir-2022-01-30
9search.html,https://www.nasdaq.com/press-release/jerome-nadel-joins-brainchip-as-chief-marketing-officer-2022-01-25
9search.html,https://www.nasdaq.com/press-release/brainchip-reflects-on-a-successful-2021-with-move-to-market-readiness-behind-next
9search.html,https://www.nasdaq.com/press-release/brainchip-granted-new-us-patent-for-event-based-classification-2022-01-18
9search.html,https://www.nasdaq.com/press-release/brainchip-achieves-full-commercialization-of-its-akd1000-aiot-chip-with-availability
9search.html,https://www.nasdaq.com/press-release/information-systems-labs-joins-brainchip-early-access-program-2022-01-09
9search.html,https://www.nasdaq.com/press-release/brainchip-appoints-pia-turcinov-as-non-executive-director-2022-01-04
9search.html,https://www.nasdaq.com/press-release/brainchip-podcast-takes-a-holiday-2021-12-06
9search.html,https://www.nasdaq.com/press-release/brainchip-holdings-ltd.-adrs-begin-trading-on-otcqx-2021-11-03
10search.html,https://www.nasdaq.com/press-release/brainchip-holdings-ltd-launches-american-depositary-receipt-program-2021-11-02
10search.html,https://www.nasdaq.com/press-release/brainchip-podcast-delves-into-ai-at-the-edge-with-topio-networks-ceo-philippe-cases
10search.html,https://www.nasdaq.com/press-release/brainchip-begins-taking-orders-of-akida-ai-processor-development-kits-2021-10-20
10search.html,https://www.nasdaq.com/press-release/brainchip-returns-to-the-linley-processor-conference-with-discussion-of-next
10search.html,https://www.nasdaq.com/press-release/brainchip-takes-the-wheel-at-edge-computing-world-global-2021-2021-10-07
10search.html,https://www.nasdaq.com/press-release/brainchip-presents-at-investment-forums-throughout-october-2021-10-04
10search.html,https://www.nasdaq.com/press-release/brainchip-vp-of-worldwide-sales-and-cfo-to-copresent-at-fall-harvest-best-ideas
10search.html,https://www.nasdaq.com/press-release/brainchip-podcast-explores-neuromorphic-computing-with-industry-expert-michael-azoff
10search.html,https://www.nasdaq.com/press-release/brainchip-goes-virtually-everywhere-at-ai-everywhere-forum-2021-2021-09-27
10search.html,https://www.nasdaq.com/press-release/brainchip-celebrates-milestone-podcast-with-leadership-roundtable-2021-09-02
11search.html,https://www.nasdaq.com/press-release/brainchip-named-among-ee-times-silicon-100-2021-08-26
11search.html,https://www.nasdaq.com/press-release/brainchip-receives-akida-chips-from-socionext-america-2021-08-16
11search.html,https://www.nasdaq.com/press-release/brainchip-demonstrates-that-intelligent-ai-is-everywhere-at-ai-hardware-summit-2021
11search.html,https://www.nasdaq.com/press-release/brainchip-discusses-ais-positive-impact-on-the-human-condition-with-public-interest
11search.html,https://www.nasdaq.com/press-release/brainchip-engages-integrous-communications-as-investor-relations-advisor-2021-07-14
11search.html,https://www.nasdaq.com/press-release/brainchip-taps-former-arm-executive-antonio-j.-viana-as-non-executive-director-2021
11search.html,https://www.nasdaq.com/press-release/brainchip-ceo-shares-business-insights-with-investment-community-at-the-otc-market
11search.html,https://www.nasdaq.com/press-release/brainchip-dives-further-into-ai-ecosystem-with-edge-impulse-ceo-zach-shelby-2021-06
11search.html,https://www.nasdaq.com/press-release/brainchip-highlights-its-akida-neural-processor-at-ai-field-day-2-2021-05-25
11search.html,https://www.nasdaq.com/press-release/brainchip-execs-talk-advantages-of-putting-ai-on-sensors-at-the-edge-as-part-of
12search.html,https://www.nasdaq.com/press-release/otc-markets-group-welcomes-brainchip-holdings-ltd.-to-otcqx-2021-05-13
12search.html,https://www.nasdaq.com/press-release/brainchip-stock-listing-upgraded-to-otcqx-best-market-2021-05-12
12search.html,https://www.nasdaq.com/press-release/brainchip-simplifies-deep-learning-with-launch-of-metatf-2021-04-22
12search.html,https://www.nasdaq.com/press-release/ai-tech-alert:-key-differences-between-transfer-learning-and-incremental-learning
12search.html,https://www.nasdaq.com/press-release/tech-alert:-navigating-driver-privacy-and-safety-of-electric-vehicles-self-driving
12search.html,https://www.nasdaq.com/press-release/international-companies-presentations-now-available-for-on-demand-viewing-2021-06-21
12search.html,https://www.nasdaq.com/press-release/live-investor-conference-webinar:-international-companies-present-on-june-17th-2021
12search.html,https://www.nasdaq.com/press-release/brainchip-ceo-to-webcast-live-at-virtualinvestorconferences.com-april-13th-2023-04-12
12search.html,https://www.nasdaq.com/market-activity/stocks/bchpy
12search.html,https://www.nasdaq.com/articles/australian-ai-chipmaker-brainchip-up-11-on-u.s.-patent-grant
13search.html,https://www.nasdaq.com/press-release/brainchip-cto-peter-van-der-made-named-ai-hardware-2021-innovator-award-winner-2021
13search.html,https://www.nasdaq.com/press-release/brainchip-partners-with-megachips-to-develop-next-generation-edge-based-ai-solutions
13search.html,https://www.nasdaq.com/press-release/brainchip-appoints-sean-hehir-as-new-chief-executive-officer-2021-11-14
13search.html,https://www.nasdaq.com/press-release/brainchip-goes-to-the-edge-and-beyond-at-edge-ai-summit-2021-11-11
13search.html,https://www.nasdaq.com/press-release/brainchip-quadruples-u.s.-headquarter-space-to-facilitate-growth-as-company
13search.html,https://www.nasdaq.com/press-release/brainchip-completes-testing-production-version-of-the-akida-chip-2021-11-08
13search.html,https://www.nasdaq.com/press-release/brainchip-updates-ticker-symbol-on-otc-to-brchf-applies-for-upgrade-to-otcqx-exchange
13search.html,https://www.nasdaq.com/press-release/brainchip-begins-volume-production-of-akida-ai-processor-2021-04-13
